<?xml version="1.0" encoding="UTF-8"?>
<configuration>
 
<!--  Log file directory. Should be changed according to the operating system used. There will be an 'archived' folder containing date wise logs.-->
    <property name="LOGS" value="C://logs" />
 
    <appender name="Console"
        class="ch.qos.logback.core.ConsoleAppender">
        <layout class="ch.qos.logback.classic.PatternLayout">
            <Pattern>
                %d{yyyy-MM-dd HH:mm:ss} %-5level :[%X{email}] %msg%n%ex
            </Pattern>
        </layout>
    </appender>
 
    <appender name="RollingFile"
        class="ch.qos.logback.core.rolling.RollingFileAppender">
        <file>${LOGS}/Monitor-Cross-Sheet.log</file>
        <encoder
            class="ch.qos.logback.classic.encoder.PatternLayoutEncoder">
            <Pattern>%d{yyyy-MM-dd HH:mm:ss} %p :[%X{email}] %msg%n%ex</Pattern>
        </encoder>
 
        <rollingPolicy
            class="ch.qos.logback.core.rolling.TimeBasedRollingPolicy">
            <!-- rollover daily and when the file reaches 10 MegaBytes -->
            <fileNamePattern>${LOGS}/archived/Monitor-Cross-Sheet-%d{yyyy-MM-dd}.%i.log
            </fileNamePattern>
            <timeBasedFileNamingAndTriggeringPolicy
                class="ch.qos.logback.core.rolling.SizeAndTimeBasedFNATP">
                <maxFileSize>10MB</maxFileSize>
            </timeBasedFileNamingAndTriggeringPolicy>
        </rollingPolicy>
    </appender>
     
    <!-- LOG everything at INFO level -->
    <root level="info">
        <appender-ref ref="RollingFile" />
        <appender-ref ref="Console" />
    </root>
 
    <!-- LOG "com.monitor*" at INFO level -->
    <logger name="com.monitor" level="info" additivity="false">
        <appender-ref ref="RollingFile" />
        <appender-ref ref="Console" />
    </logger>
    
    <!-- LOG "org.thymeleaf*" at WARN level -->
    <logger name="org.thymeleaf" level="warn" additivity="false">
        <appender-ref ref="RollingFile" />
        <appender-ref ref="Console" />
    </logger>
    
     <logger name="org.apache.juli.logging.DirectJDKLog" level="OFF" additivity="false">
        <appender-ref ref="RollingFile" />
        <appender-ref ref="Console" />
    </logger>
 
</configuration>